{
    "type": "kitchenkarrot:cocktail",
    "author":"FloriLilio",
    "content":{
        "recipe":[
            {
                "item" : "kitchenkarrot:mead_base"
            },
            {
                "item": "kitchenkarrot:ice_cubes"
            },
            {
                "item" : "kitchenkarrot:ice_cubes"
            },
            {
                "item" : "byg:blueberries"
            },
            {
                "item" : "byg:blueberries"
            }
        ],
        "craftingtime":95,
        "hunger":4,
        "saturation":0.3,
        "effect":[
            {"id":"minecraft:night_vision","lvl":0,"duration":600},
            {"id":"minecraft:luck","lvl":0,"duration":600}
        ]
    }

}
