{
    "key": "dread",
    "category": "fibre",
    "primary": 2,
    "secondary": 1.6,
    "tertiary": 3.3,
    "durability": 700,
    "integrityCost": 2,
    "integrityGain": 7,
    "magicCapacity": 120,
    "toolLevel": 1,
    "toolEfficiency": 1,
    "tints": {
        "glyph": "0f0114",
        "texture": "1f0c25"
    },
    "textures": [
        "crude",
        "default"
    ],
    "material": {
        "items": [ "kubejs:dread_string" ]
    },
    "requiredTools": {
        "cut": "minecraft:stone"
    }
}
