{
    "type": "kitchenkarrot:cocktail",
    "author":"FloriLilio",
    "content":{
        "recipe":[
            {
                "item" : "kitchenkarrot:rum_base"
            },
            {
                "item": "kitchenkarrot:ice_cubes"
            },
            {
                "item" : "kitchenkarrot:gem_carrot"
            },
            {
                "tag" : "kubejs:dice"
            },
            {
                "item" : "kubejs:drome_nugget"
            }
        ],
        "craftingtime":95,
        "hunger":7,
        "saturation":0.3,
        "effect":[
            {"id":"minecraft:night_vision","lvl":0,"duration":12000},
            {"id":"minecraft:resistance","lvl":4,"duration":200},
            {"id":"minecraft:haste","lvl":1,"duration":6000}
        ]
    }

}
