{
    "type": "kitchenkarrot:cocktail",
    "author":"FloriLilio",
    "content":{
        "recipe":[
            {
                "item" : "byg:aloe_vera_juice"
            },
            {
                "item": "minecraft:honey_bottle"
            },
            {
                "item" : "neapolitan:mint_leaves"
            },
            {
                "tag" : "forge:fruits"
            },
            {
                "tag" : "forge:fruits"
            }
        ],
        "craftingtime":95,
        "hunger":4,
        "saturation":0.3,
        "effect":[
            {"id":"minecraft:regeneration","lvl":2,"duration":200},
            {"id":"minecraft:health_boost","lvl":1,"duration":1200}
        ]
    }

}
